TF	Si un algoritmo produce la respuesta correcta para el caso de prueba del enunciado, entonces es correcto para todas las entradas posibles.	false
MC	¿Cuál es el objetivo de resolver el caso de prueba del enunciado a mano antes de escribir código?	Obtener directamente la respuesta final del problema	incorrect	Entender qué operaciones se aplican a los datos de entrada	correct	Verificar que el algoritmo compila	incorrect	Escribir los comentarios del código	incorrect
MAT	Empareja cada paso del diseño de algoritmos con su descripción.	Generalizar	Encontrar la condición que aplica para cualquier entrada, no solo el ejemplo	Pseudocódigo	Describir el algoritmo en lenguaje natural, una oración por paso	Verificar	Comprobar que el resultado del algoritmo coincide con la salida esperada del enunciado
MC	Un sistema de control de calidad para una línea de producción se divide en cuatro módulos: matematicas (cálculo de métricas), red (envío de reportes al servidor), interfaz (visualización de alertas) e inventario (registro de piezas aceptadas y rechazadas). En matematicas.h aparece: double calcularPromedio(double arr[], int n); y en matematicas.cpp aparece: double calcularPromedio(double arr[], int n) {{ ... }}. ¿Cuál es la diferencia técnica entre ambas?	La primera es un prototipo (declaración); la segunda es una definición	correct	La primera es una definición; la segunda es un prototipo	incorrect	Ambas son prototipos en archivos distintos	incorrect	Ambas son definiciones; una para el .h y otra para el .cpp	incorrect
TF	Un sistema de control de calidad para una línea de producción se divide en cuatro módulos: matematicas (cálculo de métricas), red (envío de reportes al servidor), interfaz (visualización de alertas) e inventario (registro de piezas aceptadas y rechazadas). El prototipo void registrarPieza(bool aceptada); en inventario.h y la definición en inventario.cpp pueden tener tipos de retorno distintos siempre que sean compatibles.	false
MAT	Un sistema de control de calidad para una línea de producción se divide en cuatro módulos: matematicas (cálculo de métricas), red (envío de reportes al servidor), interfaz (visualización de alertas) e inventario (registro de piezas aceptadas y rechazadas). Empareja cada archivo con el tipo de contenido que debe tener en C++.	inventario.h	Prototipo: void registrarPieza(bool aceptada);	inventario.cpp	Definición: cuerpo de registrarPieza con su lógica
MA	Un sistema de control de calidad para una línea de producción se divide en cuatro módulos: matematicas (cálculo de métricas), red (envío de reportes al servidor), interfaz (visualización de alertas) e inventario (registro de piezas aceptadas y rechazadas). ¿Cuáles son ventajas técnicas concretas de separar el sistema en módulos .h/.cpp?	El desarrollador de red.cpp no necesita recompilar matematicas.cpp si no lo modificó	correct	Modificar inventario.cpp solo recompila ese translation unit, no el proyecto completo	correct	El ejecutable resultante ocupa menos espacio en disco	incorrect	matematicas.h y matematicas.cpp se pueden reutilizar en otro proyecto sin copiar el ejecutable	correct	La separación en módulos elimina errores en tiempo de ejecución	incorrect
TF	Incluir el mismo archivo .h desde tres .cpp distintos es un error porque el prototipo queda declarado tres veces en el programa.	false
MC	Una función queda definida con su cuerpo en dos .cpp distintos que se enlazan en el mismo ejecutable. ¿Qué ocurre?	El compilador reporta el error al procesar el segundo .cpp	incorrect	El enlazador reporta un error de símbolo definido múltiples veces	correct	El programa compila y usa la primera definición encontrada	incorrect	El preprocesador descarta una de las definiciones	incorrect
FIB_PLUS	En C++, una función puede [a] cuantas veces sea necesario a lo largo del programa, pero solo puede [b] una vez en todo el programa.	a	declararse		b	definirse
MC	¿En qué etapa del proceso de construcción se detecta que una función fue definida con su cuerpo en dos .cpp distintos?	Durante el preprocesamiento	incorrect	Durante la compilación de cada .cpp	incorrect	Durante el enlazado (linking)	correct	Durante la ejecución del programa	incorrect
TF	La directiva #include <mifuncion.h> busca el archivo primero en el directorio del proyecto antes de revisar las rutas del sistema.	false
MC	Un proyecto tiene la siguiente estructura:
  proyecto/
    main.cpp
    calculos.h
    calculos.cpp
¿Qué directiva debe escribirse en main.cpp para incluir el encabezado propio calculos.h?	#include "calculos.h"	correct	#include <calculos.h>	incorrect	#include <calculos>	incorrect	#include calculos.h	incorrect
MC	¿Qué es un archivo .o generado por g++?	Código máquina del .cpp correspondiente, con referencias a funciones externas aún sin resolver	correct	El ejecutable final del programa, listo para correr	incorrect	El código fuente en C++ con todas las directivas #include expandidas	incorrect	Una copia comprimida del .cpp original para acelerar compilaciones futuras	incorrect
MC	Al compilar un proyecto con varios archivos .cpp de forma manual, ¿en qué orden ocurren los pasos?	Primero se compila cada .cpp en un .o; luego se enlazan todos los .o en un ejecutable	correct	Primero se enlaza todo; luego se compila el ejecutable final	incorrect	Los pasos de compilación y enlazado ocurren simultáneamente para cada archivo	incorrect	Primero se precompilan los .h; luego se compilan los .cpp y se genera el ejecutable	incorrect
MC	¿Cuál es la ventaja principal de declarar las dependencias de cada .o en un Makefile, en lugar de compilar todos los .cpp en una sola regla?	Make recompila solo los módulos cuyas dependencias cambiaron, en lugar de reconstruir todo el proyecto	correct	Make puede detectar errores lógicos en el código antes de invocar al compilador	incorrect	Make genera automáticamente los archivos .h a partir de los .cpp	incorrect	Make verifica que el ejecutable generado no tenga errores de memoria	incorrect
MAT	Empareja cada característica con el almacenamiento que la describe.	Persiste cuando el programa termina	Archivo en disco	Se vacía cuando el programa termina	Memoria RAM	Capacidad típica de terabytes	Archivo en disco	Acceso instantáneo	Memoria RAM
TF	Un programa puede guardar datos en un archivo y otro programa distinto puede leerlos posteriormente.	true
MC	¿Por qué los datos almacenados en variables se pierden al terminar un programa?	Las variables viven en RAM, que no persiste cuando el proceso termina	correct	El sistema operativo borra automáticamente toda la RAM al detectar errores	incorrect	Dos procesos diferentes pueden acceder a las mismas variables	incorrect	Un archivo puede ser leído por varios procesos a la vez pero solo escrito por uno a la vez	incorrect
MAT	Empareja cada sistema operativo con la secuencia que usa para representar un salto de línea.	Linux / Mac	\n (1 byte, 0x0A)	Windows	\r\n (2 bytes, 0x0D 0x0A)
TF	Un archivo siempre contiene información sobre cómo deben interpretarse sus bytes (si representan texto, una imagen o música).	false
MAT	Empareja cada elemento de <fstream> con su descripción.	ifstream	Objeto para leer de un archivo en disco	ofstream	Objeto para escribir en un archivo en disco	<<	Envía datos a un stream (archivo o pantalla)	>>	Extrae el siguiente token de un stream, separado por espacios	getline	Lee una línea completa de un stream, incluyendo espacios
MC	El siguiente fragmento escribe dos enteros en un archivo y luego lee uno:
  ofstream f1("datos.out");
  f1 << 123 << 27;
  f1.close();
  ifstream f2("datos.out");
  int z;
  f2 >> z;
  cout << z;
¿Qué imprime el programa?	12327	correct	123	incorrect	27	incorrect	No compila porque faltan separadores	incorrect
MC	¿En qué formato ocupa más espacio el número 4 almacenado en un archivo?	Binario: siempre ocupa 4 bytes (el tamaño de un int), frente a 1 byte como texto	correct	Texto: el carácter '4' ocupa más bytes que su representación binaria	incorrect	Ambos formatos lo almacenan en el mismo número de bytes	incorrect	Depende del compilador y la plataforma	incorrect
MC	¿En qué formato ocupa más espacio el número 123456789 almacenado en un archivo?	Texto: se almacena como 9 caracteres ASCII, frente a 4 bytes en binario	correct	Binario: los bytes exactos del int ocupan más que los caracteres	incorrect	Ambos formatos lo almacenan en el mismo número de bytes	incorrect	Depende del sistema operativo	incorrect
MC	¿Qué significa guardar un entero en modo binario?	Se copian los bytes exactos del entero tal como están en RAM, sin convertirlos a caracteres	correct	El archivo resultante contiene los caracteres '0' y '1' representando cada bit	incorrect	El entero se comprime para ocupar menos espacio del que ocupa en RAM	incorrect	El entero se convierte a hexadecimal antes de escribirse en el archivo	incorrect
MC	Después de ejecutar el siguiente código, ¿cuántos bytes ocupa datosbin.out?
  ofstream f1("datosbin.out", fstream::binary);
  f1.write((char *) &x, sizeof(int));
  f1.write((char *) &y, sizeof(int));
  f1.close();	8 bytes (4 por cada int)	correct	5 bytes (los dígitos de "12327" en texto)	incorrect	6 bytes (los dígitos de "123 27" con separador)	incorrect	2 bytes (uno por variable)	incorrect
MC	¿Qué tipo de archivo tiene como primeros 4 bytes la secuencia 7F 45 4C 46?	Un ejecutable o biblioteca en formato ELF (Linux)	correct	Una imagen en formato BMP	incorrect	Un archivo de audio WAV	incorrect	Un archivo de texto comprimido	incorrect
MC	Se ejecuta el siguiente comando:
  ./mi_programa hola mundo 42
¿Cuál es el valor de argc dentro del programa?	4 (el ejecutable más tres argumentos)	correct	3 (solo los argumentos del usuario)	incorrect	1 (solo el nombre del ejecutable)	incorrect	0 (no se definieron parámetros en main)	incorrect
TF	Si un programa se ejecuta sin argumentos (./programa), el valor de argc es 0.	false
MAT	Se ejecuta ./mi_programa hola mundo 42. Empareja cada expresión con su valor.	argc	4	argv[0]	./mi_programa	argv[1]	hola	argv[3]	42
